{"cameraMode":{"drawMode":0,"name":"Shaded","section":"Shading Mode"},"sceneLighting":true,"audioPlay":false,"sceneViewState":{"m_AlwaysRefresh":false,"showFog":true,"showSkybox":true,"showFlares":true,"showImageEffects":true,"showParticleSystems":true,"showVisualEffectGraphs":true,"m_FxEnabled":false},"in2DMode":false,"pivot":{"x":16.09989356994629,"y":90.3045654296875,"z":-470.8712158203125},"rotation":{"x":0.011972305364906788,"y":0.0680655688047409,"z":0.0008143762242980301,"w":-0.9976213574409485},"size":201.70184326171876,"orthographic":false}