{"cameraMode":{"drawMode":0,"name":"Shaded","section":"Shading Mode"},"sceneLighting":true,"audioPlay":false,"sceneViewState":{"m_AlwaysRefresh":false,"showFog":true,"showSkybox":true,"showFlares":true,"showImageEffects":true,"showParticleSystems":true,"showVisualEffectGraphs":true,"m_FxEnabled":false},"in2DMode":false,"pivot":{"x":-14.112639427185059,"y":-248.51608276367188,"z":-346.37884521484377},"rotation":{"x":0.342404842376709,"y":0.011543099768459797,"z":-0.004205465316772461,"w":0.9394814968109131},"size":232.45736694335938,"orthographic":false}